<?xml version="1.0" encoding="UTF-8" standalone="no"?>
<!-- Licensed Materials - Property of IBM
			 5725-I43 (C) Copyright IBM Corp. 2006, 2013. All Rights Reserved.
			 US Government Users Restricted Rights - Use, duplication or
             disclosure restricted by GSA ADP Schedule Contract with IBM Corp. --><!-- Attribute "id" must be identical to application folder name --><application xmlns="http://www.worklight.com/application-descriptor" id="PhysicalCount" platformVersion="7.1.0.00.20190319-1506">
    <displayName>IBMCount</displayName>
    <description>Physical Count</description>
    <author>
        <name>application's author</name>
        <email>application author's e-mail</email>
        <homepage>http://mycompany.com</homepage>
        <copyright>Copyright My Company</copyright>
    </author>
    <mainFile>index.html</mainFile>
    <features>
        <JSONStore/>
    </features>
    <thumbnailImage>common/images/thumbnail.png</thumbnailImage>
    <iphone applicationId="Physical Count" bundleId="com.ibm.maximo.anywhere.physicalcount" version="7.6.2">
        <worklightSettings include="true"/>
    </iphone>
    <android version="7.6.2">
        <worklightSettings include="true"/>
        <security>
            <encryptWebResources enabled="false"/>
            <testWebResourcesChecksum enabled="false" ignoreFileExtensions="png, jpg, jpeg, gif, mp4, mp3"/>
            <publicSigningKey>Replace this text with the actual public signing key of the certificate used to sign the APK, available by using the 'Extract public signing key' wizard.</publicSigningKey>
			<packageName>com.ibm.iot.maximoanywhere.physicalcount</packageName>
        </security>
        <compressWebResources enabled="true"/>
    </android>
    <windows8 version="7.6.4">
        <uuid>9684ca34-ce68-457b-9c2d-3d35e0093813</uuid>
    </windows8>
<windowsphoneuniversal version="7.6.4">
        <uuid>07fdf495-439d-4157-8c2d-3a4a6cb88c6c</uuid>
    </windowsphoneuniversal>
</application>
